<?xml version="1.0" encoding="UTF-8"?>
<beans xmlns="http://www.springframework.org/schema/beans" xmlns:xsi="http://www.w3.org/2001/XMLSchema-instance"
       xmlns:jdbc="http://www.springframework.org/schema/jdbc"
       xsi:schemaLocation="http://www.springframework.org/schema/beans http://www.springframework.org/schema/beans/spring-beans-4.0.xsd
        http://www.springframework.org/schema/jdbc  http://www.springframework.org/schema/jdbc/spring-jdbc-4.0.xsd">

    <!-- MySQL dataSource -->
    <!--<bean id="dataSource" class="org.springframework.jdbc.datasource.DriverManagerDataSource">
	   xmlns:jdbc="http://www.springframework.org/schema/jdbc"
	   xsi:schemaLocation="http://www.springframework.org/schema/beans http://www.springframework.org/schema/beans/spring-beans-4.0.xsd
        http://www.springframework.org/schema/jdbc  http://www.springframework.org/schema/jdbc/spring-jdbc-4.0.xsd">


	<!-<bean id="dataSource" class="org.springframework.jdbc.datasource.DriverManagerDataSource">
        <property name="driverClassName" value="com.mysql.cj.jdbc.Driver"/>
        <property name="url" value="jdbc:mysql://127.0.0.1:3306/aroundsell?useSSL=false&amp;serverTimezone=UTC" />
        <property name="username" value="root"/>
        <property name="password" value="epdlxjqnstjrrhk"/>
    </bean>-->


    <!-- MariaDB dataSource -->
    <bean id="dataSource" class="org.springframework.jdbc.datasource.DriverManagerDataSource">
        <property name="driverClassName" value="org.mariadb.jdbc.Driver"/>
        <property name="url" value="jdbc:mariadb://mydb.co3icl2t41i4.ap-northeast-2.rds.amazonaws.com/work"/>
        <property name="username" value="admin"/> <!-- MariaDB 계정 -->
        <property name="password" value="12341234"/> <!-- MariaDB 패스워드 -->
    </bean>
</beans>